img_tag,tag_nums,height,width,height_norm,width_norm,area,area_bb_norm,area_mask_norm,img_id,centroids_norm_x,centroids_norm_y,x_min,y_min
None_alfalfa15,None,598,597,0.9966666666666667,0.995,357006,0.9916833333333334,0.8089388888888889,alfalfa15,0.5046367040041023,0.5096150306643134,1,0
plant_1_alfalfa15,plant_1,597,392,0.995,0.6533333333333333,234024,0.6500666666666667,0.17839722222222223,alfalfa15,0.4769401149121032,0.4549052779637617,111,1
None_alfalfa184,None,598,599,0.9966666666666667,0.9983333333333333,358202,0.9950055555555556,0.6906888888888889,alfalfa184,0.5058204838432913,0.4297226132256577,0,1
plant_1_alfalfa184,plant_1,522,585,0.87,0.975,305370,0.84825,0.29172777777777775,alfalfa184,0.47984430246361076,0.653619241682695,13,76
None_alfalfa37,None,598,598,0.9966666666666667,0.9966666666666667,357604,0.9933444444444445,0.8234138888888889,alfalfa37,0.511272002177025,0.4616236771705872,1,1
diseased_alfalfa37,diseased,157,102,0.26166666666666666,0.17,16014,0.04448333333333333,0.015005555555555555,alfalfa37,0.705365296803653,0.8575228310502283,383,441
plant_1_alfalfa37,plant_1,427,226,0.7116666666666667,0.37666666666666665,96502,0.2680611111111111,0.1378388888888889,alfalfa37,0.45390649980519393,0.6395701839237973,160,171
plant_2_alfalfa37,plant_2,144,128,0.24,0.21333333333333335,18432,0.0512,0.014819444444444444,alfalfa37,0.08990940331146517,0.893284598562949,0,454
None_alfalfa39,None,399,599,0.9975,0.9983333333333333,239001,0.9958375,0.8499208333333333,alfalfa39,0.5329383782476472,0.5060538113843936,0,0
plant_1_alfalfa39,plant_1,398,379,0.995,0.6316666666666667,150842,0.6285083333333333,0.14045416666666666,alfalfa39,0.3072852947284108,0.46032417158622324,0,0
None_allium321,None,449,599,0.9977777777777778,0.9983333333333333,268951,0.9961148148148148,0.7659222222222222,allium321,0.4908955797658596,0.5174890056958152,0,0
plant_1_allium321,plant_1,394,234,0.8755555555555555,0.39,92196,0.34146666666666664,0.10256666666666667,allium321,0.37685094909664296,0.3563528689560539,115,54
plant_2_allium321,plant_2,345,258,0.7666666666666667,0.43,89010,0.32966666666666666,0.13607777777777777,allium321,0.6513303938379468,0.5118834242097082,258,103
None_allium351,None,430,598,0.9976798143851509,0.9966666666666667,257140,0.994354215003867,0.7711446249033256,allium351,0.5383959823085178,0.5232690935727375,0,0
plant_1_allium351,plant_1,359,340,0.8329466357308585,0.5666666666666667,122060,0.4720030935808198,0.15226218097447797,allium351,0.2272593439153439,0.4229092917909623,5,70
plant_2_allium351,plant_2,351,301,0.814385150812065,0.5016666666666667,105651,0.40854988399071923,0.09720417633410673,allium351,0.5581538502340507,0.4150072452150152,138,78
None_allium384,None,867,599,0.997698504027618,0.9983333333333333,519333,0.9960356731875719,0.7579420790180283,allium384,0.5031735877925695,0.5033782575059284,0,0
plant_1_allium384,plant_1,794,312,0.9136939010356732,0.52,247728,0.47512082853855003,0.1406597621787495,allium384,0.3495335196800291,0.34681242494013254,52,73
plant_2_allium384,plant_2,421,254,0.4844649021864212,0.42333333333333334,106934,0.20509014192558497,0.09766589950134254,allium384,0.6844174538028004,0.6881506176194583,286,446
None_allium96,None,436,599,0.9977116704805492,0.9983333333333333,261164,0.996048817696415,0.6372311212814645,allium96,0.5067512558703711,0.5202074827698712,0,0
plant_1_allium96,plant_1,340,225,0.7780320366132724,0.375,76500,0.2917620137299771,0.12992372234935165,allium96,0.22096009706647882,0.47393960384613476,15,95
plant_2_allium96,plant_2,385,329,0.8810068649885584,0.5483333333333333,126665,0.48308543096872614,0.2290007627765065,allium96,0.6369213410165878,0.4531815875070715,207,50
None_borage306,None,899,599,0.9988888888888889,0.9983333333333333,538501,0.9972240740740741,0.7556222222222222,borage306,0.49672566472892915,0.4824266976443255,0,0
plant_1_borage306,plant_1,768,429,0.8533333333333334,0.715,329472,0.6101333333333333,0.23644814814814816,borage306,0.5047361021913818,0.5526879626293796,57,130
None_burdock197,None,552,599,0.9981916817359855,0.9983333333333333,330648,0.9965280289330922,0.733499095840868,burdock197,0.4985726553672316,0.484914487071964,0,0
plant_1_burdock197,plant_1,512,482,0.9258589511754068,0.8033333333333333,246784,0.7437733574442436,0.2593911995177818,burdock197,0.5026315656976429,0.5346650783037988,47,39
None_burdock29,None,897,599,0.9966666666666667,0.9983333333333333,537303,0.9950055555555556,0.7032462962962963,burdock29,0.515841529450283,0.48351661620989317,0,1
plant_1_burdock29,plant_1,820,467,0.9111111111111111,0.7783333333333333,382940,0.7091481481481482,0.2116685185185185,burdock29,0.4268805318122035,0.44420097423080773,0,78
plant_2_burdock29,plant_2,319,310,0.35444444444444445,0.5166666666666667,98890,0.18312962962962964,0.07642592592592592,burdock29,0.5530409498425006,0.802383813908408,182,579
None_burdock52,None,902,599,0.9988925802879292,0.9983333333333333,540298,0.9972277593207826,0.7358970099667774,burdock52,0.48515266355495695,0.49889265944706973,0,0
plant_1_burdock52,plant_1,826,570,0.9147286821705426,0.95,470820,0.8689922480620155,0.25936323366555925,burdock52,0.5381637169715989,0.4949314760854343,26,75
None_calendula299,None,892,599,0.9988801791713325,0.9983333333333333,534308,0.9972153788727137,0.39047032474804033,calendula299,0.44710212987658565,0.47457662980486737,0,0
plant_1_calendula299,plant_1,803,598,0.8992161254199328,0.9966666666666667,480194,0.8962187383351997,0.5047032474804032,calendula299,0.5468189359761358,0.5773773541104364,0,84
plant_2_calendula299,plant_2,184,244,0.20604703247480402,0.4066666666666667,44896,0.08379245987308698,0.057032474804031355,calendula299,0.2557053799332417,0.09120910966438577,50,0
plant_3_calendula299,plant_3,104,110,0.11646136618141098,0.18333333333333332,11440,0.02135125046659201,0.017913400522583053,calendula299,0.9064749600611238,0.0973341077263437,488,35
None_calendula419,None,823,599,0.9987864077669902,0.9983333333333333,492977,0.9971217637540453,0.7778580097087379,calendula419,0.5020939110823346,0.48224704216773623,0,0
plant_1_calendula419,plant_1,685,458,0.8313106796116505,0.7633333333333333,313730,0.6345671521035599,0.1405299352750809,calendula419,0.36161137338438065,0.5008891373591193,0,137
plant_2_calendula419,plant_2,606,260,0.7354368932038835,0.43333333333333335,157560,0.3186893203883495,0.037633495145631066,calendula419,0.5855640653552618,0.5910230048976789,225,216
plant_3_calendula419,plant_3,238,204,0.28883495145631066,0.34,48552,0.09820388349514562,0.03712580906148867,calendula419,0.8389613184418415,0.7649079772448977,394,511
plant_4_calendula419,plant_4,41,83,0.04975728155339806,0.13833333333333334,3403,0.0068830906148867315,0.002077265372168285,calendula419,0.9383706588769881,0.7042793601875572,515,562
plant_5_calendula419,plant_5,37,46,0.044902912621359224,0.07666666666666666,1702,0.003442556634304207,0.001448220064724919,calendula419,0.9682728119180634,0.7754176384444325,552,621
None_chickweed0,None,399,598,0.9975,0.9966666666666667,238602,0.994175,0.9017625,chickweed0,0.5007998841774365,0.4859389020575447,0,0
plant_1_chickweed0,plant_1,258,227,0.645,0.37833333333333335,58566,0.244025,0.09437083333333333,chickweed0,0.47646349360531,0.612585434235507,151,128
None_chickweed186,None,399,598,0.9975,0.9966666666666667,238602,0.994175,0.7962291666666667,chickweed186,0.48880964092903184,0.4362662157565609,0,0
plant_1_chickweed186,plant_1,243,598,0.6075,0.9966666666666667,145314,0.605475,0.19675833333333334,chickweed186,0.5375080118024085,0.7413023061284995,0,155
None_chickweed478,None,672,599,0.9985141158989599,0.9983333333333333,402528,0.9968499257057949,0.7026547795938584,chickweed478,0.5194330447981429,0.4878689910779293,0,0
plant_1_chickweed478,plant_1,608,546,0.9034175334323923,0.91,331968,0.822109955423477,0.2954036651807826,chickweed478,0.4496925684361132,0.5261476313375104,35,40
None_chickweed52,None,599,598,0.9983333333333333,0.9966666666666667,358202,0.9950055555555556,0.6480277777777778,chickweed52,0.5524687656279023,0.49461424978924656,0,0
diseased_chickweed52,diseased,421,184,0.7016666666666667,0.30666666666666664,77464,0.21517777777777777,0.07984722222222222,chickweed52,0.20148350437757293,0.755231924392648,41,177
plant_1_chickweed52,plant_1,580,547,0.9666666666666667,0.9116666666666666,317260,0.8812777777777778,0.25925,chickweed52,0.4565557877067038,0.4337136862030787,31,18
None_chicory241,None,449,599,0.9977777777777778,0.9983333333333333,268951,0.9961148148148148,0.6361481481481481,chicory241,0.4926296673653159,0.5333197355483104,0,0
plant_1_chicory241,plant_1,448,579,0.9955555555555555,0.965,259392,0.9607111111111111,0.3527,chicory241,0.5126461652087774,0.436348451277097,19,0
None_chive_blossom429,None,847,599,0.9988207547169812,0.9983333333333333,507353,0.9971560534591195,0.8577928459119497,chive_blossom429,0.5096038637934523,0.5136489512067591,0,0
plant_1_chive_blossom429,plant_1,807,196,0.9516509433962265,0.32666666666666666,158172,0.31087264150943394,0.06719929245283018,chive_blossom429,0.30170454213097014,0.2964251391875717,109,39
plant_2_chive_blossom429,plant_2,619,301,0.7299528301886793,0.5016666666666667,186319,0.3661930031446541,0.059461477987421386,chive_blossom429,0.5533837949802781,0.46249607100137075,165,227
plant_3_chive_blossom429,plant_3,325,144,0.38325471698113206,0.24,46800,0.09198113207547169,0.017822327044025157,chive_blossom429,0.5255361343920012,0.7585414655308738,229,521
None_coltsfoot340,None,902,599,0.9988925802879292,0.9983333333333333,540298,0.9972277593207826,0.8746234772978959,coltsfoot340,0.5134529193247388,0.48608510449361747,0,0
plant_1_coltsfoot340,plant_1,242,113,0.26799557032115173,0.18833333333333332,27346,0.05047249907715024,0.02789405684754522,coltsfoot340,0.17496757758221398,0.7379339943265348,57,564
plant_2_coltsfoot340,plant_2,310,91,0.3433001107419712,0.15166666666666667,28210,0.0520671834625323,0.032528608342561834,coltsfoot340,0.291367926312604,0.4697871848968662,132,294
plant_3_coltsfoot340,plant_3,330,123,0.3654485049833887,0.205,40590,0.07491694352159468,0.03911590992986342,coltsfoot340,0.5168171094229227,0.5851202252943065,252,398
plant_4_coltsfoot340,plant_4,189,98,0.20930232558139536,0.16333333333333333,18522,0.034186046511627904,0.019027316352897748,coltsfoot340,0.6693581660038155,0.6108267813596415,358,463
None_coltsfoot413,None,448,599,0.9955555555555555,0.9983333333333333,268352,0.9938962962962963,0.7569444444444444,coltsfoot413,0.49456919062181454,0.5041629683995922,0,0
plant_1_coltsfoot413,plant_1,188,136,0.4177777777777778,0.22666666666666666,25568,0.09469629629629629,0.05361851851851852,coltsfoot413,0.17555755105800006,0.621725188613356,32,203
plant_2_coltsfoot413,plant_2,303,226,0.6733333333333333,0.37666666666666665,68478,0.25362222222222225,0.0812925925925926,coltsfoot413,0.49689834009142403,0.3298605352812834,181,27
plant_3_coltsfoot413,plant_3,221,130,0.4911111111111111,0.21666666666666667,28730,0.10640740740740741,0.04274074074074074,coltsfoot413,0.6153473425765454,0.5285112651646448,309,152
plant_4_coltsfoot413,plant_4,264,192,0.5866666666666667,0.32,50688,0.18773333333333334,0.06023703703703704,coltsfoot413,0.765920335300869,0.5121931190905613,361,124
None_coltsfoot456,None,901,599,0.9988913525498891,0.9983333333333333,539699,0.9972265336289726,0.7450240206947524,coltsfoot456,0.5149710694506792,0.5009807042766328,0,0
plant_1_coltsfoot456,plant_1,593,211,0.6574279379157428,0.3516666666666667,125123,0.23119549150036955,0.06366223207686622,coltsfoot456,0.26208355101487973,0.4303021336202375,28,144
plant_2_coltsfoot456,plant_2,343,130,0.3802660753880266,0.21666666666666667,44590,0.0823909830007391,0.03497228381374723,coltsfoot456,0.4029504587802258,0.35669816474242205,170,207
plant_3_coltsfoot456,plant_3,506,190,0.5609756097560976,0.31666666666666665,96140,0.17764227642276423,0.051101256467110126,coltsfoot456,0.5275687011859994,0.48467179449518216,234,215
plant_4_coltsfoot456,plant_4,563,232,0.6241685144124168,0.38666666666666666,130616,0.2413451589061345,0.06741869918699187,coltsfoot456,0.7133938571728744,0.5133286544908593,330,199
plant_5_coltsfoot456,plant_5,157,186,0.17405764966740578,0.31,29202,0.053957871396895785,0.025114560236511457,coltsfoot456,0.1589081812831077,0.7888126933934009,13,626
None_coltsfoot485,None,449,599,0.9977777777777778,0.9983333333333333,268951,0.9961148148148148,0.7988703703703703,coltsfoot485,0.5001398270706322,0.5030906604232829,0,0
plant_1_coltsfoot485,plant_1,288,249,0.64,0.415,71712,0.2656,0.07205925925925925,coltsfoot485,0.2492945620888158,0.618822299890351,39,160
plant_2_coltsfoot485,plant_2,345,201,0.7666666666666667,0.335,69345,0.25683333333333336,0.06755185185185185,coltsfoot485,0.4697177294076795,0.43281283696109074,165,47
plant_3_coltsfoot485,plant_3,324,152,0.72,0.25333333333333335,49248,0.1824,0.06204814814814815,coltsfoot485,0.8021100698382378,0.3585419526850912,410,33
None_coltsfoot489,None,396,598,0.9974811083123426,0.9966666666666667,236808,0.9941561712846347,0.7676868178001679,coltsfoot489,0.5101308903386688,0.4750338690052625,0,0
plant_1_coltsfoot489,plant_1,341,186,0.8589420654911839,0.31,63426,0.266272040302267,0.09999580184718723,coltsfoot489,0.2547921827112809,0.533684822659725,65,54
plant_2_coltsfoot489,plant_2,273,159,0.6876574307304786,0.265,43407,0.18222921914357681,0.08319479429051217,coltsfoot489,0.5476341861364822,0.5484481494338181,253,122
plant_3_coltsfoot489,plant_3,188,167,0.473551637279597,0.2783333333333333,31396,0.13180520570948784,0.04289672544080605,coltsfoot489,0.7669216089254257,0.727532486997559,373,207
None_common_mallow11,None,799,599,0.99875,0.9983333333333333,478601,0.9970854166666666,0.68670625,common_mallow11,0.4504766209876655,0.4668902733155552,0,0
plant_1_common_mallow11,plant_1,798,446,0.9975,0.7433333333333333,355908,0.741475,0.2973354166666667,common_mallow11,0.6036323900010042,0.577423171782709,152,0
None_common_mallow153,None,898,598,0.9977777777777778,0.9966666666666667,537004,0.9944518518518518,0.6465962962962963,common_mallow153,0.5167668159765381,0.5095793833998736,0,0
plant_1_common_mallow153,plant_1,898,579,0.9977777777777778,0.965,519942,0.9628555555555556,0.33040185185185184,common_mallow153,0.46302102191308375,0.4788322487954249,0,0
None_common_mallow220,None,651,599,0.9984662576687117,0.9983333333333333,389949,0.9968021472392639,0.7980316973415132,common_mallow220,0.49398003886522096,0.4787023819653636,0,0
plant_1_common_mallow220,plant_1,605,281,0.9279141104294478,0.4683333333333333,170005,0.43457310838445806,0.16368865030674848,common_mallow220,0.4406333775799693,0.49371509349996,131,45
plant_2_common_mallow220,plant_2,200,142,0.3067484662576687,0.23666666666666666,28400,0.07259713701431493,0.015230061349693251,common_mallow220,0.7460716683450822,0.8065798524229936,373,450
plant_3_common_mallow220,plant_3,100,156,0.15337423312883436,0.26,15600,0.03987730061349693,0.026124744376278118,common_mallow220,0.857816210045662,0.9398147203246371,442,550
None_common_mallow302,None,799,599,0.99875,0.9983333333333333,478601,0.9970854166666666,0.56294375,common_mallow302,0.45188890492562045,0.4492075001942911,0,0
plant_1_common_mallow302,plant_1,765,514,0.95625,0.8566666666666667,393210,0.8191875,0.33946875,common_mallow302,0.5454971820757515,0.5242502608242046,84,33
plant_2_common_mallow302,plant_2,208,164,0.26,0.2733333333333333,34112,0.07106666666666667,0.041166666666666664,common_mallow302,0.8809103407557355,0.6648929655870446,434,427
plant_3_common_mallow302,plant_3,171,219,0.21375,0.365,37449,0.07801875,0.026927083333333334,common_mallow302,0.25370638297872344,0.9032305609284333,45,627
None_common_mallow4,None,447,598,0.9933333333333333,0.9966666666666667,267306,0.9900222222222222,0.6757925925925926,common_mallow4,0.48237761056062195,0.461132606980007,0,0
plant_1_common_mallow4,plant_1,448,596,0.9955555555555555,0.9933333333333333,267008,0.9889185185185185,0.29837407407407407,common_mallow4,0.5277123339250175,0.5729914254071105,2,0
None_common_mallow6,None,799,599,0.99875,0.9983333333333333,478601,0.9970854166666666,0.543875,common_mallow6,0.47049767614086163,0.45423416551750556,0,0
plant_1_common_mallow6,plant_1,798,598,0.9975,0.9966666666666667,477204,0.994175,0.3971125,common_mallow6,0.5040579041063791,0.5308377598182714,0,0
plant_2_common_mallow6,plant_2,122,172,0.1525,0.2866666666666667,20984,0.04371666666666667,0.02225,common_mallow6,0.8712373595505617,0.9047140683520599,424,663
plant_3_common_mallow6,plant_3,35,77,0.04375,0.12833333333333333,2695,0.005614583333333333,0.004358333333333333,common_mallow6,0.8121470681963034,0.9802163001912046,447,763
None_common_mallow8,None,797,598,0.99625,0.9966666666666667,476606,0.9929291666666666,0.6060145833333334,common_mallow8,0.46015854953985574,0.4448483044962477,0,2
plant_1_common_mallow8,plant_1,757,597,0.94625,0.995,451929,0.94151875,0.36614375,common_mallow8,0.5557009143722013,0.59347348349066,1,41
None_common_milkweed199,None,894,598,0.9977678571428571,0.9966666666666667,534612,0.9944419642857143,0.6625074404761905,common_milkweed199,0.5025552648031056,0.4907862312776859,0,0
plant_1_common_milkweed199,plant_1,800,476,0.8928571428571429,0.7933333333333333,380800,0.7083333333333334,0.3238076636904762,common_milkweed199,0.48968364937758146,0.511770556450971,73,79
None_common_milkweed445,None,498,597,0.9979959919839679,0.995,297306,0.9930060120240481,0.5515063460253841,common_milkweed445,0.4703725752629889,0.4071402960595642,0,0
plant_1_common_milkweed445,plant_1,415,486,0.8316633266533067,0.81,201690,0.6736472945891784,0.4335036740146961,common_milkweed445,0.5319386552226271,0.6092530230773818,94,82
None_common_milkweed300,None,448,598,0.9955555555555555,0.9966666666666667,267904,0.992237037037037,0.5084444444444445,common_milkweed300,0.415525033993784,0.47923724423724423,0,0
diseased_common_milkweed300,diseased,150,327,0.3333333333333333,0.545,49050,0.18166666666666667,0.04355185185185185,common_milkweed300,0.7110308416248546,0.49576078842683147,264,163
plant_1_common_milkweed300,plant_1,448,597,0.9955555555555555,0.995,267456,0.9905777777777778,0.2811814814814815,common_milkweed300,0.4546573102034186,0.5245242078179815,0,0
plant_2_common_milkweed300,plant_2,423,426,0.94,0.71,180198,0.6674,0.1715888888888889,common_milkweed300,0.7785227755113788,0.5158880087106468,172,25
None_common_milkweed393,None,627,597,0.9968203497615262,0.995,374319,0.9918362480127186,0.5655140434552199,common_milkweed393,0.5393767131310765,0.4114232463830408,0,0
plant_1_common_milkweed393,plant_1,558,598,0.8871224165341812,0.9966666666666667,333684,0.8841653418124006,0.42726815050344463,common_milkweed393,0.43938449994108564,0.6100077574111297,0,69
None_common_milkweed451,None,446,597,0.9911111111111112,0.995,266262,0.9861555555555556,0.7297333333333333,common_milkweed451,0.5038595275798364,0.48132555327725557,1,2
plant_1_common_milkweed451,plant_1,412,458,0.9155555555555556,0.7633333333333333,188696,0.6988740740740741,0.25101851851851853,common_milkweed451,0.4840357309725808,0.5491947702774704,107,36
None_common_milkweed456,None,497,597,0.9861111111111112,0.995,296709,0.9811805555555555,0.21119047619047618,common_milkweed456,0.37948520815065345,0.44031084656084657,1,0
plant_1_common_milkweed456,plant_1,502,504,0.996031746031746,0.84,253008,0.8366666666666667,0.6570238095238096,common_milkweed456,0.5051224641474235,0.5059148123222231,53,0
plant_2_common_milkweed456,plant_2,133,598,0.2638888888888889,0.9966666666666667,79534,0.2630092592592593,0.052837301587301586,common_milkweed456,0.4063014770309175,0.8760840798955707,0,369
plant_3_common_milkweed456,plant_3,116,86,0.23015873015873015,0.14333333333333334,9976,0.03298941798941799,0.02605489417989418,common_milkweed456,0.9299538858569192,0.4402659168333746,512,166
plant_4_common_milkweed456,plant_4,106,108,0.21031746031746032,0.18,11448,0.03785714285714286,0.02794973544973545,common_milkweed456,0.9233690250828206,0.1372949203344376,490,17
plant_5_common_milkweed456,plant_5,50,99,0.0992063492063492,0.165,4950,0.01636904761904762,0.01029431216931217,common_milkweed456,0.7646396830495771,0.04835010886247636,413,0
None_common_vetch298,None,798,598,0.9975,0.9966666666666667,477204,0.994175,0.6689520833333333,common_vetch298,0.4751053731426952,0.5346201070081626,0,1
plant_1_common_vetch298,plant_1,798,509,0.9975,0.8483333333333334,406182,0.8462125,0.25765208333333334,common_vetch298,0.6259529835399266,0.3304779135300348,89,0
plant_2_common_vetch298,plant_2,175,89,0.21875,0.14833333333333334,15575,0.03244791666666667,0.026704166666666668,common_vetch298,0.0727392468923909,0.8947433296926198,0,623
plant_3_common_vetch298,plant_3,156,101,0.195,0.16833333333333333,15756,0.032825,0.026977083333333332,common_vetch298,0.2326346950858496,0.8946383890647926,87,642
None_common_vetch429,None,798,598,0.9975,0.9966666666666667,477204,0.994175,0.6350208333333334,common_vetch429,0.5102466017081679,0.4648380220465208,0,0
plant_1_common_vetch429,plant_1,782,555,0.9775,0.925,434010,0.9041875,0.3338729166666667,common_vetch429,0.47013495861906873,0.5573188011281738,41,0
None_common_vetch94,None,899,598,0.9966740576496674,0.9966666666666667,537602,0.9933518107908352,0.8121932742054693,common_vetch94,0.5017245731896438,0.498428557519823,0,0
plant_1_common_vetch94,plant_1,803,503,0.8902439024390244,0.8383333333333334,403909,0.7463211382113821,0.17203252032520325,common_vetch94,0.4843801913272613,0.4963912515732353,95,97
None_common_yarrow17,None,834,599,0.9988023952095808,0.9983333333333333,499566,0.9971377245508982,0.7249780439121757,common_yarrow17,0.5058283729885595,0.4985144568769919,0,0
plant_1_common_yarrow17,plant_1,742,496,0.888622754491018,0.8266666666666667,368032,0.7345948103792416,0.2198802395209581,common_yarrow17,0.5307428437424353,0.4428230467170235,38,90
plant_2_common_yarrow17,plant_2,347,312,0.4155688622754491,0.52,108264,0.21609580838323353,0.040890219560878245,common_yarrow17,0.18853615477236485,0.8008655538673701,0,486
plant_3_common_yarrow17,plant_3,71,25,0.08502994011976048,0.041666666666666664,1775,0.0035429141716566866,0.002211576846307385,common_yarrow17,0.9076970517448857,0.9568894701571586,528,762
None_common_yarrow231,None,927,599,0.9989224137931034,0.9983333333333333,555273,0.9972575431034483,0.7310488505747127,common_yarrow231,0.49339864504104347,0.4920279936908229,0,0
plant_1_common_yarrow231,plant_1,797,381,0.8588362068965517,0.635,303657,0.5453609913793104,0.15208512931034482,common_yarrow231,0.5905185145821771,0.46807825993210217,137,69
plant_2_common_yarrow231,plant_2,593,315,0.6390086206896551,0.525,186795,0.335479525862069,0.08514008620689655,common_yarrow231,0.36757449830541844,0.5897861439407495,83,316
None_common_yarrow315,None,702,599,0.9985775248933144,0.9983333333333333,420498,0.9969132290184922,0.859511616880038,common_yarrow315,0.4969717669493006,0.504927024180837,0,0
plant_1_common_yarrow315,plant_1,540,380,0.7681365576102418,0.6333333333333333,205200,0.4864864864864865,0.12889758179231864,common_yarrow315,0.5121322506084962,0.4585079507931249,108,161
None_common_yarrow327,None,898,599,0.9988876529477196,0.9983333333333333,537902,0.9972228401928068,0.6500778642936597,common_yarrow327,0.5142217545220523,0.565524021058651,0,0
plant_1_common_yarrow327,plant_1,864,463,0.9610678531701891,0.7716666666666666,400032,0.7416240266963292,0.20373934000741564,common_yarrow327,0.35990421333915695,0.4092912745894748,4,31
plant_2_common_yarrow327,plant_2,885,383,0.9844271412680756,0.6383333333333333,338955,0.6283926585094549,0.10590100111234706,common_yarrow327,0.6885758509415355,0.294916282073204,215,12
None_common_yarrow341,None,395,598,0.992462311557789,0.9966666666666667,236210,0.9891541038525963,0.8745058626465662,common_yarrow341,0.49779671378588214,0.49075776041562397,0,1
plant_1_common_yarrow341,plant_1,273,234,0.6859296482412061,0.39,63882,0.2675125628140704,0.11720686767169179,common_yarrow341,0.5017359200638346,0.5540262497237339,180,123
None_common_yarrow397,None,799,598,0.99875,0.9966666666666667,477802,0.9954208333333333,0.7634208333333333,common_yarrow397,0.5054676410818992,0.518263985159998,0,0
plant_1_common_yarrow397,plant_1,743,461,0.92875,0.7683333333333333,342523,0.7135895833333333,0.19910208333333335,common_yarrow397,0.5116867045450582,0.4391626730425138,92,55
plant_2_common_yarrow397,plant_2,121,72,0.15125,0.12,8712,0.01815,0.007470833333333334,common_yarrow397,0.04725785461981781,0.5869262409369772,0,415
plant_3_common_yarrow397,plant_3,222,80,0.2775,0.13333333333333333,17760,0.037,0.015795833333333332,common_yarrow397,0.047784885254550255,0.2946893959377473,0,168
None_common_yarrow457,None,719,598,0.9986111111111111,0.9966666666666667,429962,0.9952824074074074,0.7922685185185185,common_yarrow457,0.49795721576189644,0.4905454917314322,0,0
plant_1_common_yarrow457,plant_1,644,451,0.8944444444444445,0.7516666666666667,290444,0.6723240740740741,0.16352314814814814,common_yarrow457,0.4386818983984976,0.4638729241968108,44,74
plant_2_common_yarrow457,plant_2,276,329,0.38333333333333336,0.5483333333333333,90804,0.21019444444444443,0.009585648148148149,common_yarrow457,0.626970136037994,0.7467362285008988,217,413
plant_3_common_yarrow457,plant_3,121,134,0.16805555555555557,0.22333333333333333,16214,0.03753240740740741,0.023983796296296295,common_yarrow457,0.9128169739085674,0.8920424079614795,464,591
None_coneflower143,None,399,599,0.9975,0.9983333333333333,239001,0.9958375,0.6980958333333334,coneflower143,0.5048820601278478,0.46618599404332023,0,0
plant_1_coneflower143,plant_1,221,106,0.5525,0.17666666666666667,23426,0.09760833333333334,0.030166666666666668,coneflower143,0.06782228360957643,0.5991433011049724,0,177
plant_10_coneflower143,plant_10,134,108,0.335,0.18,14472,0.0603,0.022854166666666665,coneflower143,0.29452354907323003,0.8839325432999088,116,264
plant_2_coneflower143,plant_2,97,142,0.2425,0.23666666666666666,13774,0.05739166666666667,0.024595833333333334,coneflower143,0.27427409791631374,0.7478049296967643,90,251
plant_3_coneflower143,plant_3,277,154,0.6925,0.25666666666666665,42658,0.17774166666666666,0.039433333333333334,coneflower143,0.33716715976331363,0.24914887996618768,128,25
plant_4_coneflower143,plant_4,309,175,0.7725,0.2916666666666667,54075,0.2253125,0.04877083333333333,coneflower143,0.5805145949024634,0.44078492097394273,257,89
plant_5_coneflower143,plant_5,381,221,0.9525,0.36833333333333335,84201,0.3508375,0.08707916666666667,coneflower143,0.757268689091982,0.4466827360160773,346,17
plant_6_coneflower143,plant_6,19,29,0.0475,0.04833333333333333,551,0.0022958333333333333,0.0018375,coneflower143,0.7331141345427059,0.7375850340136054,425,285
plant_7_coneflower143,plant_7,93,126,0.2325,0.21,11718,0.048825,0.0068875,coneflower143,0.6141560798548095,0.9105202661826981,328,304
plant_8_coneflower143,plant_8,31,141,0.0775,0.235,4371,0.0182125,0.010458333333333333,coneflower143,0.597436918990704,0.9627948207171315,287,367
plant_9_coneflower143,plant_9,160,110,0.4,0.18333333333333332,17600,0.07333333333333333,0.03838333333333333,coneflower143,0.43344098277608917,0.8406733065566653,201,238
None_coneflower212,None,650,599,0.9969325153374233,0.9983333333333333,389350,0.9952709611451943,0.42288087934560326,coneflower212,0.49112800301434834,0.36621121262982403,0,0
plant_1_coneflower212,plant_1,599,598,0.9187116564417178,0.9966666666666667,358202,0.9156492842535787,0.4645066462167689,coneflower212,0.4596620073558411,0.5292754243861613,0,51
plant_2_coneflower212,plant_2,194,368,0.29754601226993865,0.6133333333333333,71392,0.18249488752556237,0.09396728016359918,coneflower212,0.7509566557852739,0.8993796604738412,230,456
None_cowslip239,None,899,597,0.9988888888888889,0.995,536703,0.9938944444444444,0.8941018518518519,cowslip239,0.4987070651629852,0.511908080734857,0,0
plant_1_cowslip239,plant_1,607,470,0.6744444444444444,0.7833333333333333,285290,0.5283148148148148,0.09975555555555556,cowslip239,0.4844062956362466,0.39143203963598255,90,199
None_cowslip321,None,838,597,0.9976190476190476,0.995,500286,0.9926309523809523,0.7958412698412698,cowslip321,0.4636253149640326,0.5121596239616754,0,1
plant_1_cowslip321,plant_1,807,261,0.9607142857142857,0.435,210627,0.4179107142857143,0.06472619047619048,cowslip321,0.4382635951198578,0.3174509387471499,117,31
plant_2_cowslip321,plant_2,623,279,0.7416666666666667,0.465,173817,0.344875,0.09094246031746031,cowslip321,0.6955349260026908,0.4614602845610809,277,215
plant_3_cowslip321,plant_3,564,151,0.6714285714285714,0.25166666666666665,85164,0.16897619047619047,0.03445436507936508,cowslip321,0.7908836740570112,0.6526595642576063,391,274
None_cowslip393,None,799,597,0.99875,0.995,477003,0.99375625,0.8027041666666667,cowslip393,0.4856086847063831,0.4871945610929722,0,0
plant_1_cowslip393,plant_1,563,335,0.70375,0.5583333333333333,188605,0.3929270833333333,0.08121875,cowslip393,0.37453217049292464,0.524926766705143,36,235
plant_2_cowslip393,plant_2,578,291,0.7225,0.485,168198,0.3504125,0.0504,cowslip393,0.5657005070546738,0.4837869440310847,195,172
plant_3_cowslip393,plant_3,512,148,0.64,0.24666666666666667,75776,0.15786666666666666,0.03139375,cowslip393,0.8389911960537084,0.5856707478930254,423,286
plant_4_cowslip393,plant_4,145,90,0.18125,0.15,13050,0.0271875,0.011085416666666667,cowslip393,0.8433665351124475,0.8805863559481302,470,653
plant_5_cowslip393,plant_5,173,17,0.21625,0.028333333333333332,2941,0.006127083333333333,0.0034333333333333334,cowslip393,0.6456128640776699,0.8517976334951456,380,592
None_cowslip5,None,683,599,0.9985380116959064,0.9983333333333333,409117,0.9968737816764133,0.9141081871345029,cowslip5,0.4965836376560487,0.4959258401902397,0,0
plant_1_cowslip5,plant_1,482,259,0.7046783625730995,0.43166666666666664,124838,0.30418615984405456,0.08271442495126706,cowslip5,0.5263934876961449,0.5316560133517871,170,200
None_crimson_clover268,None,898,599,0.9977777777777778,0.9983333333333333,537902,0.9961148148148148,0.7188277777777777,crimson_clover268,0.4992053119748287,0.4856620704204347,0,0
plant_1_crimson_clover268,plant_1,726,312,0.8066666666666666,0.52,226512,0.41946666666666665,0.1370425925925926,crimson_clover268,0.34966622974744266,0.5707033498641948,48,172
plant_2_crimson_clover268,plant_2,764,265,0.8488888888888889,0.44166666666666665,202460,0.37492592592592594,0.1305814814814815,crimson_clover268,0.655222249009653,0.4954804719630144,270,134
None_crimson_clover329,None,874,599,0.9988571428571429,0.9983333333333333,523526,0.9971923809523809,0.8080152380952381,crimson_clover329,0.48971244845296025,0.49401891255502695,0,0
plant_1_crimson_clover329,plant_1,745,382,0.8514285714285714,0.6366666666666667,284590,0.5420761904761905,0.17378476190476191,crimson_clover329,0.534456981999262,0.5085076825034957,155,128
None_crimson_clover353,None,861,599,0.9988399071925754,0.9983333333333333,515739,0.9971751740139211,0.7145746326372776,crimson_clover353,0.518538896615419,0.4712928179614753,0,0
diseased_crimson_clover353,diseased,185,203,0.21461716937354988,0.3383333333333333,37555,0.07261214230471771,0.0463708430007734,crimson_clover353,0.6923539590543302,0.873498803725338,311,657
plant_1_crimson_clover353,plant_1,751,286,0.87122969837587,0.4766666666666667,214786,0.4152861562258314,0.2291627996906419,crimson_clover353,0.40501326043608976,0.5055120827576653,88,109
None_crimson_clover391,None,597,597,0.996661101836394,0.995,356409,0.991677796327212,0.8646828046744575,crimson_clover391,0.49711317482229456,0.4941229608794994,0,1
diseased_crimson_clover391,diseased,90,162,0.15025041736227046,0.27,14580,0.040567612687813025,0.029696716750139122,crimson_clover391,0.5396527062056904,0.7226463669500075,250,388
plant_1_crimson_clover391,plant_1,510,227,0.8514190317195326,0.37833333333333335,115770,0.32212020033388983,0.09745687256538675,crimson_clover391,0.48756247739774267,0.4948206850775389,164,87
None_crithmum_maritimum430,None,902,599,0.9988925802879292,0.9983333333333333,540298,0.9972277593207826,0.7316371354743447,crithmum_maritimum430,0.5064588299894972,0.49185755367697154,0,0
plant_1_crithmum_maritimum430,plant_1,742,557,0.8217054263565892,0.9283333333333333,413294,0.7628165374677003,0.25142303433001106,crithmum_maritimum430,0.486838311762993,0.511221346609395,17,159
None_daisy240,None,546,599,0.9981718464351006,0.9983333333333333,327054,0.996508226691042,0.6671450335161487,daisy240,0.49767356147554087,0.4137451829443125,0,0
plant_1_daisy240,plant_1,267,189,0.48811700182815354,0.315,50463,0.15375685557586838,0.06801645338208409,daisy240,0.2098826322626887,0.7572368813827828,22,269
plant_10_daisy240,plant_10,65,76,0.11882998171846434,0.12666666666666668,4940,0.015051797684338817,0.006294942108470445,daisy240,0.6355759922555663,0.7140957187935248,340,363
plant_11_daisy240,plant_11,165,141,0.3016453382084095,0.235,23265,0.07088665447897623,0.019448507007922,daisy240,0.6711355684369941,0.8159046782458318,347,354
plant_12_daisy240,plant_12,122,85,0.2230347349177331,0.14166666666666666,10370,0.031596587446678856,0.009482023156611822,daisy240,0.8451371036846616,0.7322324856778972,466,359
plant_13_daisy240,plant_13,138,148,0.2522851919561243,0.24666666666666667,20424,0.06223034734917733,0.020591102985984155,daisy240,0.8065031567524908,0.8401179886739962,409,389
plant_14_daisy240,plant_14,276,139,0.5045703839122486,0.23166666666666666,38364,0.11689213893967093,0.029951249238269348,daisy240,0.8778596134282808,0.8165731512494863,452,269
plant_2_daisy240,plant_2,115,82,0.21023765996343693,0.13666666666666666,9430,0.028732480195003046,0.009893357708714199,daisy240,0.26608818396468537,0.41322351274612085,115,191
plant_3_daisy240,plant_3,121,62,0.22120658135283364,0.10333333333333333,7502,0.022858013406459477,0.005737355271176112,daisy240,0.3243804213135068,0.41266853138977533,165,192
plant_4_daisy240,plant_4,128,69,0.2340036563071298,0.115,8832,0.026910420475319927,0.005801340645947593,daisy240,0.4200884103641457,0.4241565913385464,213,191
plant_5_daisy240,plant_5,231,89,0.42230347349177333,0.14833333333333334,20559,0.06264168190127971,0.015798293723339428,daisy240,0.3089710703953713,0.34441990060627004,145,130
plant_6_daisy240,plant_6,454,137,0.829981718464351,0.22833333333333333,62198,0.1895124923826935,0.060780012187690434,daisy240,0.4066084319229998,0.5939689994717526,180,91
plant_7_daisy240,plant_7,256,178,0.4680073126142596,0.2966666666666667,45568,0.13884216940889701,0.016651432053625837,daisy240,0.6654135407136322,0.34474895086063717,290,128
plant_8_daisy240,plant_8,370,182,0.676416819012797,0.30333333333333334,67340,0.20517976843388178,0.04545703839122486,daisy240,0.5995372790848359,0.6487691670303001,266,172
plant_9_daisy240,plant_9,267,230,0.48811700182815354,0.38333333333333336,61410,0.18711151736745887,0.014546008531383303,daisy240,0.6084289903644742,0.5909496825047924,256,193
None_fireweed12,None,449,599,0.9977777777777778,0.9983333333333333,268951,0.9961148148148148,0.7669703703703704,fireweed12,0.5184007864839371,0.4755411758519706,0,0
plant_1_fireweed12,plant_1,399,456,0.8866666666666667,0.76,181944,0.6738666666666666,0.21701851851851853,fireweed12,0.4367610717638023,0.5756795327625603,5,49
None_fireweed17,None,799,599,0.99875,0.9983333333333333,478601,0.9970854166666666,0.5661895833333334,fireweed17,0.5598129491373253,0.4846792520173234,0,0
diseased_fireweed17,diseased,192,46,0.24,0.07666666666666666,8832,0.0184,0.008979166666666667,fireweed17,0.3923445475638051,0.4555939675174014,215,276
plant_1_fireweed17,plant_1,798,596,0.9975,0.9933333333333333,475608,0.99085,0.385025,fireweed17,0.4173105191582076,0.5198697933575742,0,0
None_fireweed202,None,853,598,0.9988290398126464,0.9966666666666667,510094,0.9954996096799376,0.6423770491803279,fireweed202,0.5024328733662662,0.4651165184967341,0,0
plant_1_fireweed202,plant_1,852,556,0.9976580796252927,0.9266666666666666,473712,0.924496487119438,0.3076912568306011,fireweed202,0.5207465490303035,0.540056900609699,28,0
plant_2_fireweed202,plant_2,246,143,0.28805620608899296,0.23833333333333334,35178,0.06865339578454333,0.020636221701795472,fireweed202,0.08398887207616165,0.8510071099231955,0,606
None_fireweed27,None,799,599,0.99875,0.9983333333333333,478601,0.9970854166666666,0.81106875,fireweed27,0.4999741553283176,0.46431074418270135,0,0
plant_1_fireweed27,plant_1,552,343,0.69,0.5716666666666667,189336,0.39445,0.17983541666666666,fireweed27,0.4691684333283133,0.6257653989179921,77,246
plant_2_fireweed27,plant_2,797,227,0.99625,0.37833333333333335,180919,0.37691458333333333,0.03198125,fireweed27,0.5870030182615682,0.6312599342062406,265,1
plant_3_fireweed27,plant_3,130,82,0.1625,0.13666666666666666,10660,0.022208333333333333,0.0036,fireweed27,0.7498099922839506,0.9282935474537036,403,668
None_fireweed35,None,1205,597,0.9991708126036484,0.995,719385,0.9941749585406302,0.8146959646213378,fireweed35,0.49737826695662307,0.4789395228903483,0,0
diseased_fireweed35,diseased,42,67,0.03482587064676617,0.11166666666666666,2814,0.0038888888888888888,0.0017896627971254837,fireweed35,0.43306435006435007,0.8898025957727451,221,1055
plant_1_fireweed35,plant_1,1131,524,0.9378109452736318,0.8733333333333333,592644,0.8190215588723051,0.21859176340519623,fireweed35,0.5106232100295246,0.5693372568245829,74,73
plant_2_fireweed35,plant_2,21,201,0.017412935323383085,0.335,4221,0.005833333333333334,0.004215035931453842,fireweed35,0.1427224043715847,0.9916301008618111,0,1183
None_fireweed8,None,799,599,0.99875,0.9983333333333333,478601,0.9970854166666666,0.69770625,fireweed8,0.5093489579445345,0.4480985050716783,0,0
diseased_fireweed8,diseased,255,520,0.31875,0.8666666666666667,132600,0.27625,0.03310833333333333,fireweed8,0.5425553737729676,0.6649941008054366,67,399
plant_1_fireweed8,plant_1,798,598,0.9975,0.9966666666666667,477204,0.994175,0.25275625,fireweed8,0.43708477919822847,0.5797067641749709,0,0
plant_2_fireweed8,plant_2,99,167,0.12375,0.2783333333333333,16533,0.03444375,0.016341666666666668,fireweed8,0.8831489036206017,0.9457217299847016,431,699
None_gardenia428,None,454,599,0.9956140350877193,0.9983333333333333,271946,0.9939546783625731,0.6142763157894737,gardenia428,0.47154499819515344,0.4159021121819102,0,0
plant_1_gardenia428,plant_1,387,598,0.8486842105263158,0.9966666666666667,231426,0.8458552631578947,0.3835562865497076,gardenia428,0.5453837394345394,0.6298214017333382,0,67
None_garlic_mustard351,None,558,598,0.998211091234347,0.9966666666666667,333684,0.9948837209302326,0.7849791293977341,garlic_mustard351,0.49648568834937445,0.45518099388836275,0,0
plant_1_garlic_mustard351,plant_1,457,501,0.817531305903399,0.835,228957,0.6826386404293381,0.1975700655933214,garlic_mustard351,0.5238065343695767,0.6469251299904825,97,100
plant_2_garlic_mustard351,plant_2,75,165,0.13416815742397137,0.275,12375,0.03689624329159213,0.01084675014907573,garlic_mustard351,0.16081684075499358,0.9586707001527309,0,482
None_garlic_mustard363,None,398,598,0.995,0.9966666666666667,238004,0.9916833333333334,0.8238333333333333,garlic_mustard363,0.5127047339672264,0.4632167838357273,0,0
plant_1_garlic_mustard363,plant_1,258,377,0.645,0.6283333333333333,97266,0.405275,0.1706375,garlic_mustard363,0.4297007952205374,0.6603937440480552,107,140
None_garlic_mustard398,None,395,598,0.9949622166246851,0.9966666666666667,236210,0.9916456759026029,0.7990848026868178,garlic_mustard398,0.5110354081950734,0.4629455261055091,0,0
plant_1_garlic_mustard398,plant_1,326,503,0.8211586901763224,0.8383333333333334,163978,0.6884047019311503,0.18622166246851385,garlic_mustard398,0.4386315132933556,0.6351713781037115,38,68
None_geranium90,None,897,597,0.9955604883462819,0.995,535509,0.9905826859045505,0.6489659637439882,geranium90,0.4617672136536775,0.4324390596810083,2,2
plant_1_geranium90,plant_1,818,470,0.9078801331853497,0.7833333333333333,384460,0.7111727709951905,0.33459119496855344,geranium90,0.5745905849181777,0.6235046346361431,128,81
None_ground_ivy164,None,895,596,0.9966592427616926,0.9933333333333333,533420,0.9900148478099481,0.7589272457312546,ground_ivy164,0.48001994326379893,0.4981479716377818,1,1
diseased_ground_ivy164,diseased,364,262,0.4053452115812918,0.43666666666666665,95368,0.1770007423904974,0.03300853749072012,ground_ivy164,0.5134687470715023,0.8116392094887399,209,515
plant_1_ground_ivy164,plant_1,868,485,0.9665924276169265,0.8083333333333333,420980,0.781328878990349,0.18624907201187824,ground_ivy164,0.5639928517569995,0.44822291795885527,113,28
None_harebell392,None,794,597,0.9925,0.995,474018,0.9875375,0.8850145833333334,harebell392,0.49884119533497956,0.49425402888841286,1,2
plant_1_harebell392,plant_1,798,181,0.9975,0.3016666666666667,144438,0.3009125,0.08693333333333333,harebell392,0.5021158454754601,0.5394927267062883,205,0
None_harebell422,None,895,594,0.9944444444444445,0.99,531630,0.9845,0.7845722222222222,harebell422,0.47795104196908433,0.4965965437903437,3,2
plant_1_harebell422,plant_1,782,511,0.8688888888888889,0.8516666666666667,399602,0.7400037037037037,0.18030185185185185,harebell422,0.5580488652431279,0.4836379094499736,63,116
plant_2_harebell422,plant_2,281,48,0.31222222222222223,0.08,13488,0.02497777777777778,0.006888888888888889,harebell422,0.9593741039426523,0.8359725209080048,550,617
plant_3_harebell422,plant_3,405,104,0.45,0.17333333333333334,42120,0.078,0.008666666666666666,harebell422,0.7504284188034188,0.7545413105413106,395,493
None_harebell467,None,898,598,0.9977777777777778,0.9966666666666667,537004,0.9944518518518518,0.8780203703703704,harebell467,0.5164035537295248,0.4985589660054101,0,0
plant_1_harebell467,plant_1,822,243,0.9133333333333333,0.405,199746,0.3699,0.08412037037037037,harebell467,0.4400526875802605,0.41754193114413257,143,76
plant_2_harebell467,plant_2,182,174,0.20222222222222222,0.29,31668,0.058644444444444443,0.0191,harebell467,0.1468243811001228,0.7352859112748583,0,569
plant_3_harebell467,plant_3,212,36,0.23555555555555555,0.06,7632,0.014133333333333333,0.004111111111111111,harebell467,0.030480480480480483,0.8836921921921922,1,686
None_henbit414,None,747,598,0.9973297730307076,0.9966666666666667,446706,0.9940053404539386,0.6973386737872719,henbit414,0.5055444651503161,0.48288209362753837,0,0
plant_1_henbit414,plant_1,677,500,0.9038718291054739,0.8333333333333334,338500,0.7532265242545616,0.2880418335558522,henbit414,0.47953044770277437,0.5369848383561315,46,70
None_henbit488,None,799,598,0.99875,0.9966666666666667,477802,0.9954208333333333,0.7909729166666667,henbit488,0.48032711121412536,0.4804255933489084,0,0
diseased_henbit488,diseased,150,225,0.1875,0.375,33750,0.0703125,0.030360416666666667,henbit488,0.5845894233628399,0.4128025286488712,239,265
plant_1_henbit488,plant_1,702,510,0.8775,0.85,358020,0.745875,0.12826666666666667,henbit488,0.487895605942481,0.5274578108757796,0,96
plant_2_henbit488,plant_2,267,320,0.33375,0.5333333333333333,85440,0.178,0.03902916666666666,henbit488,0.8405205330771146,0.8364718559837727,278,531
None_knapweed333,None,449,599,0.9977777777777778,0.9983333333333333,268951,0.9961148148148148,0.6349925925925926,knapweed333,0.5238964486802606,0.45941520331399477,0,0
plant_1_knapweed333,plant_1,150,72,0.3333333333333333,0.12,10800,0.04,0.02316296296296296,knapweed333,0.05802499733503891,0.7969139750559642,0,298
plant_10_knapweed333,plant_10,210,162,0.4666666666666667,0.27,34020,0.126,0.034496296296296296,knapweed333,0.547284195834228,0.6798327487891584,242,238
plant_11_knapweed333,plant_11,81,11,0.18,0.018333333333333333,891,0.0033,0.0016333333333333334,knapweed333,0.5223015873015874,0.8792139077853364,308,352
plant_12_knapweed333,plant_12,448,305,0.9955555555555555,0.5083333333333333,136640,0.5060740740740741,0.07343333333333334,knapweed333,0.6314583648560045,0.48476846948325236,248,0
plant_13_knapweed333,plant_13,137,121,0.30444444444444446,0.20166666666666666,16577,0.061396296296296296,0.019544444444444444,knapweed333,0.5843910681574127,0.3135051481270924,289,99
plant_14_knapweed333,plant_14,66,57,0.14666666666666667,0.095,3762,0.013933333333333334,0.009792592592592592,knapweed333,0.7840784165405951,0.9152210455538746,442,382
plant_15_knapweed333,plant_15,241,57,0.5355555555555556,0.095,13737,0.05087777777777778,0.012366666666666666,knapweed333,0.9455325945891984,0.6914445442747329,540,207
plant_16_knapweed333,plant_16,297,115,0.66,0.19166666666666668,34155,0.1265,0.018766666666666668,knapweed333,0.9326093678047497,0.7542398526412736,483,151
plant_2_knapweed333,plant_2,244,92,0.5422222222222223,0.15333333333333332,22448,0.08314074074074074,0.012807407407407408,knapweed333,0.09916184692500482,0.6296112075059443,19,204
plant_3_knapweed333,plant_3,361,100,0.8022222222222222,0.16666666666666666,36100,0.1337037037037037,0.018322222222222222,knapweed333,0.18300350380702107,0.38888709206477545,64,8
plant_4_knapweed333,plant_4,403,166,0.8955555555555555,0.27666666666666667,66898,0.24777037037037036,0.0464,knapweed333,0.20711978501489994,0.3935153256704981,34,45
plant_5_knapweed333,plant_5,303,43,0.6733333333333333,0.07166666666666667,13029,0.04825555555555556,0.011385185185185186,knapweed333,0.2859547820429408,0.5148218029350105,152,145
plant_6_knapweed333,plant_6,250,115,0.5555555555555556,0.19166666666666668,28750,0.10648148148148148,0.015944444444444445,knapweed333,0.24971351142082848,0.5850261969286359,93,191
plant_7_knapweed333,plant_7,252,68,0.56,0.11333333333333333,17136,0.06346666666666667,0.010918518518518518,knapweed333,0.3693690637720488,0.7227076737524498,186,196
plant_8_knapweed333,plant_8,448,188,0.9955555555555555,0.31333333333333335,84224,0.31194074074074074,0.028555555555555556,knapweed333,0.4090881971465629,0.5972215016572994,136,0
plant_9_knapweed333,plant_9,261,59,0.58,0.09833333333333333,15399,0.05703333333333333,0.01774814814814815,knapweed333,0.4414785058430718,0.6342802819514005,232,187
None_mullein403,None,794,594,0.9925,0.99,471636,0.982575,0.6939104166666666,mullein403,0.4744490613281614,0.4923100401708914,2,4
plant_1_mullein403,plant_1,798,304,0.9975,0.5066666666666667,242592,0.5054,0.28617708333333336,mullein403,0.5553888181123285,0.5242749426709861,196,0
None_ramsons178,None,896,597,0.9955555555555555,0.995,534912,0.9905777777777778,0.7393740740740741,ramsons178,0.5119018505809886,0.4771773032355808,1,0
plant_1_ramsons178,plant_1,682,387,0.7577777777777778,0.645,263934,0.4887666666666667,0.14145,ramsons178,0.5903962487289929,0.45217299660919313,162,216
plant_2_ramsons178,plant_2,496,428,0.5511111111111111,0.7133333333333334,212288,0.39312592592592593,0.13091666666666665,ramsons178,0.31807117429332576,0.6701485253553999,0,402
None_red_clover362,None,898,598,0.9977777777777778,0.9966666666666667,537004,0.9944518518518518,0.8511296296296297,red_clover362,0.4916305563412458,0.5028456565832384,0,0
plant_1_red_clover362,plant_1,788,385,0.8755555555555555,0.6416666666666667,303380,0.5618148148148148,0.13770555555555555,red_clover362,0.5390125200037654,0.47024355658357353,152,110
None_red_clover436,None,798,598,0.9975,0.9966666666666667,477204,0.994175,0.7365520833333333,red_clover436,0.5077312506187331,0.5317604265369331,0,0
plant_1_red_clover436,plant_1,597,465,0.74625,0.775,277605,0.57834375,0.25679375,red_clover436,0.4708809761400605,0.3984327869317951,95,44
